data,best_alpha,best_l1_ratio,mse,rmse,r_square,tuning_method
full,1e-05,0.001,20581802.30549543,4536.717128662027,0.939476933216558,bayes
full,1.2618568830660211e-05,0.1484848484848485,22319867.201676045,4724.390669882841,0.9343659610954522,random
full,1e-05,0.001,20581802.30549543,4536.717128662027,0.939476933216558,grid
sub,3.0051038744843855e-05,0.0001,7266271.936430209,2695.602332769099,0.9157967300363312,bayes
sub,1.8307382802953696e-05,0.5202020202020202,7290710.077752684,2700.1314926782147,0.9155135351009931,random
sub,5e-05,0.001,7267798.813864407,2695.88553426595,0.9157790362211371,grid
